slug,class,filename,url,expected_sha256,notes
poi_sample_2007,clean_versioned,Sample.pub,https://raw.githubusercontent.com/apache/poi/74700b5692fd0449031ac6a3c78aec1155d144d5/test-data/publisher/Sample.pub,6fefdef46b87c767150878dc384549cb2d2ec2ac54de25f8ddb3a5628301107e,Apache POI pinned Publisher 2007 reference
poi_sample_98,clean_versioned,Sample98.pub,https://raw.githubusercontent.com/apache/poi/6fdbaa55f387ea3927512412eadd569a67973a61/test-data/publisher/Sample98.pub,8912f295ff0cd1f55b873b3b98a182218f33c420877e025d2f0fd795f12dd0c,Apache POI Publisher 98 family
poi_sample_2010,clean_versioned,Sample_2010.pub,https://raw.githubusercontent.com/apache/poi/6fdbaa55f387ea3927512412eadd569a67973a61/test-data/publisher/Sample_2010.pub,f0a90aa566d72eb822eb48b4f378c33007610e35f3f1b999cdb88f2c9683858b,Apache POI Publisher 2010 family
poi_newsletter,clean_feature,SampleNewsletter.pub,https://raw.githubusercontent.com/apache/poi/6fdbaa55f387ea3927512412eadd569a67973a61/test-data/publisher/SampleNewsletter.pub,6a825ba26ba35d6e885acdc62e859591ed37cb0ff7480b554b9cb362b644dfcf,Apache POI feature-rich newsletter
aspose_christmas,natural_reference,christmas.pub,https://raw.githubusercontent.com/aspose-pub/Aspose.PUB-for-.NET/c6ecc07667948eba21d54ce88e7fb7fdb67570ef/Examples/Data/christmas.pub,550226a1c5d1d3bcb08b31863e60045f85b03061899b2f330217125e808d06d6,Aspose ordinary publication
aspose_florist,natural_reference,florist-flyer.pub,https://raw.githubusercontent.com/aspose-pub/Aspose.PUB-for-.NET/c6ecc07667948eba21d54ce88e7fb7fdb67570ef/Examples/Data/florist-flyer.pub,7b7e132df247c306bffac0647cb282fb844811f4d65a35c9ba07fdcca46acd85,Aspose larger flyer
adelphi_newsletter,natural_wild,Adelphi-Newsletter.pub,https://www.adelphi.edu/brand/wp-content/uploads/sites/55/2020/08/Adelphi-Newsletter.pub,5202c03e2c586ed0f6e622324b862742d28e99b3168bd362b4036195ec8bfc60,Current Rar positive-domain corpus witness
school_ancient_greece,natural_wild_complex,Class-3-Cycle-C-History-Ancient-Greece.pub,https://www.ambergateprimaryschool.co.uk/attachments/documents.asp?id=1190,e0d5afb8a885d34529f8b8396effd91736cdd0b55294e69e2a9002b39b7d4768,Current Rar large natural document
poi_fuzz_large,fuzz_regression,clusterfuzz-large.pub,https://raw.githubusercontent.com/apache/poi/6fdbaa55f387ea3927512412eadd569a67973a61/test-data/publisher/clusterfuzz-testcase-minimized-POIHPBFFuzzer-4701121678278656.pub,07b48fcd8a3b85a83b054ea9722352d5269591d2482fb710002794da49f48b26,Apache POI minimized fuzz regression
poi_fuzz_small,fuzz_regression,clusterfuzz-small.pub,https://raw.githubusercontent.com/apache/poi/f8a8189230d4a32ae0bb18a368da9c77d5e645b4/test-data/publisher/clusterfuzz-testcase-minimized-POIHPBFFuzzer-4918886059278336.pub,2641d2d48a345f0eb52b4dd0151330142e3037505fea614c272ec7eba4b3e9b0,Apache POI minimized fuzz regression
